kemendagri_kode_provinsi;kemendagri_nama_provinsi;kemendagri_kode_kabupaten_kota;kemendagri_nama_kabupaten_kota;tahun;jumlah_umkm;satuan
11;Aceh;11.01;Kabupaten Aceh Selatan;2013;1228;UMKM
11;Aceh;11.02;Kabupaten Aceh Tenggara;2013;800;UMKM
11;Aceh;11.03;Kabupaten Aceh Timur;2013;1130;UMKM
11;Aceh;11.04;Kabupaten Aceh Tengah;2013;778;UMKM
11;Aceh;11.05;Kabupaten Aceh Barat;2013;896;UMKM
11;Aceh;11.06;Kabupaten Aceh Besar;2013;530;UMKM
11;Aceh;11.07;Kabupaten Pidie;2013;1417;UMKM
11;Aceh;11.08;Kabupaten Aceh Utara;2013;1259;UMKM
11;Aceh;11.09;Kabupaten Simeulue;2013;1701;UMKM
11;Aceh;11.10;Kabupaten Aceh Singkil;2013;538;UMKM
11;Aceh;11.11;Kabupaten Bireuen;2013;30;UMKM
11;Aceh;11.12;Kabupaten Aceh Barat Daya;2013;1201;UMKM
11;Aceh;11.13;Kabupaten Gayo Lues;2013;265;UMKM
11;Aceh;11.14;Kabupaten Aceh Jaya;2013;845;UMKM
11;Aceh;11.15;Kabupaten Nagan Raya;2013;627;UMKM
11;Aceh;11.16;Kabupaten Aceh Tamiang;2013;118;UMKM
11;Aceh;11.17;Kabupaten Bener Meriah;2013;178;UMKM
11;Aceh;11.18;Kabupaten Pidie Jaya;2013;1374;UMKM
11;Aceh;11.71;Kota Banda Aceh;2013;3613;UMKM
11;Aceh;11.72;Kota Sabang;2013;1464;UMKM
11;Aceh;11.73;Kota Lhokseumawe;2013;403;UMKM
11;Aceh;11.74;Kota Langsa;2013;662;UMKM
11;Aceh;11.75;Kota Subulussalam;2013;586;UMKM
11;Aceh;11.01;Kabupaten Aceh Selatan;2014;1520;UMKM
11;Aceh;11.02;Kabupaten Aceh Tenggara;2014;810;UMKM
11;Aceh;11.03;Kabupaten Aceh Timur;2014;1268;UMKM
11;Aceh;11.04;Kabupaten Aceh Tengah;2014;1550;UMKM
11;Aceh;11.05;Kabupaten Aceh Barat;2014;1067;UMKM
11;Aceh;11.06;Kabupaten Aceh Besar;2014;601;UMKM
11;Aceh;11.07;Kabupaten Pidie;2014;1263;UMKM
11;Aceh;11.08;Kabupaten Aceh Utara;2014;1645;UMKM
11;Aceh;11.09;Kabupaten Simeulue;2014;1702;UMKM
11;Aceh;11.10;Kabupaten Aceh Singkil;2014;538;UMKM
11;Aceh;11.11;Kabupaten Bireuen;2014;103;UMKM
11;Aceh;11.12;Kabupaten Aceh Barat Daya;2014;1239;UMKM
11;Aceh;11.13;Kabupaten Gayo Lues;2014;268;UMKM
11;Aceh;11.14;Kabupaten Aceh Jaya;2014;933;UMKM
11;Aceh;11.15;Kabupaten Nagan Raya;2014;627;UMKM
11;Aceh;11.16;Kabupaten Aceh Tamiang;2014;2117;UMKM
11;Aceh;11.17;Kabupaten Bener Meriah;2014;178;UMKM
11;Aceh;11.18;Kabupaten Pidie Jaya;2014;1573;UMKM
11;Aceh;11.71;Kota Banda Aceh;2014;4463;UMKM
11;Aceh;11.72;Kota Sabang;2014;1792;UMKM
11;Aceh;11.73;Kota Lhokseumawe;2014;513;UMKM
11;Aceh;11.74;Kota Langsa;2014;693;UMKM
11;Aceh;11.75;Kota Subulussalam;2014;623;UMKM
11;Aceh;11.01;Kabupaten Aceh Selatan;2015;1729;UMKM
11;Aceh;11.02;Kabupaten Aceh Tenggara;2015;1063;UMKM
11;Aceh;11.03;Kabupaten Aceh Timur;2015;2148;UMKM
11;Aceh;11.04;Kabupaten Aceh Tengah;2015;1750;UMKM
11;Aceh;11.05;Kabupaten Aceh Barat;2015;1536;UMKM
11;Aceh;11.06;Kabupaten Aceh Besar;2015;2972;UMKM
11;Aceh;11.07;Kabupaten Pidie;2015;1447;UMKM
11;Aceh;11.08;Kabupaten Aceh Utara;2015;2517;UMKM
11;Aceh;11.09;Kabupaten Simeulue;2015;1845;UMKM
11;Aceh;11.10;Kabupaten Aceh Singkil;2015;1194;UMKM
11;Aceh;11.11;Kabupaten Bireuen;2015;2593;UMKM
11;Aceh;11.12;Kabupaten Aceh Barat Daya;2015;2115;UMKM
11;Aceh;11.13;Kabupaten Gayo Lues;2015;432;UMKM
11;Aceh;11.14;Kabupaten Aceh Jaya;2015;1154;UMKM
11;Aceh;11.15;Kabupaten Nagan Raya;2015;4465;UMKM
11;Aceh;11.16;Kabupaten Aceh Tamiang;2015;2624;UMKM
11;Aceh;11.17;Kabupaten Bener Meriah;2015;529;UMKM
11;Aceh;11.18;Kabupaten Pidie Jaya;2015;1753;UMKM
11;Aceh;11.71;Kota Banda Aceh;2015;6482;UMKM
11;Aceh;11.72;Kota Sabang;2015;1894;UMKM
11;Aceh;11.73;Kota Lhokseumawe;2015;2314;UMKM
11;Aceh;11.74;Kota Langsa;2015;3294;UMKM
11;Aceh;11.75;Kota Subulussalam;2015;972;UMKM
11;Aceh;11.01;Kabupaten Aceh Selatan;2016;3251;UMKM
11;Aceh;11.02;Kabupaten Aceh Tenggara;2016;1245;UMKM
11;Aceh;11.03;Kabupaten Aceh Timur;2016;5891;UMKM
11;Aceh;11.04;Kabupaten Aceh Tengah;2016;2719;UMKM
11;Aceh;11.05;Kabupaten Aceh Barat;2016;2011;UMKM
11;Aceh;11.06;Kabupaten Aceh Besar;2016;4438;UMKM
11;Aceh;11.07;Kabupaten Pidie;2016;1964;UMKM
11;Aceh;11.08;Kabupaten Aceh Utara;2016;3660;UMKM
11;Aceh;11.09;Kabupaten Simeulue;2016;2087;UMKM
11;Aceh;11.10;Kabupaten Aceh Singkil;2016;1473;UMKM
11;Aceh;11.11;Kabupaten Bireuen;2016;6998;UMKM
11;Aceh;11.12;Kabupaten Aceh Barat Daya;2016;2262;UMKM
11;Aceh;11.13;Kabupaten Gayo Lues;2016;996;UMKM
11;Aceh;11.14;Kabupaten Aceh Jaya;2016;1212;UMKM
11;Aceh;11.15;Kabupaten Nagan Raya;2016;6452;UMKM
11;Aceh;11.16;Kabupaten Aceh Tamiang;2016;2948;UMKM
11;Aceh;11.17;Kabupaten Bener Meriah;2016;1010;UMKM
11;Aceh;11.18;Kabupaten Pidie Jaya;2016;5578;UMKM
11;Aceh;11.71;Kota Banda Aceh;2016;9591;UMKM
11;Aceh;11.72;Kota Sabang;2016;2170;UMKM
11;Aceh;11.73;Kota Lhokseumawe;2016;2354;UMKM
11;Aceh;11.74;Kota Langsa;2016;3579;UMKM
11;Aceh;11.75;Kota Subulussalam;2016;1318;UMKM
11;Aceh;11.01;Kabupaten Aceh Selatan;2017;4899;UMKM
11;Aceh;11.02;Kabupaten Aceh Tenggara;2017;1353;UMKM
11;Aceh;11.03;Kabupaten Aceh Timur;2017;6208;UMKM
11;Aceh;11.04;Kabupaten Aceh Tengah;2017;2723;UMKM
11;Aceh;11.05;Kabupaten Aceh Barat;2017;2420;UMKM
11;Aceh;11.06;Kabupaten Aceh Besar;2017;4638;UMKM
11;Aceh;11.07;Kabupaten Pidie;2017;2481;UMKM
11;Aceh;11.08;Kabupaten Aceh Utara;2017;4491;UMKM
11;Aceh;11.09;Kabupaten Simeulue;2017;2087;UMKM
11;Aceh;11.10;Kabupaten Aceh Singkil;2017;1896;UMKM
11;Aceh;11.11;Kabupaten Bireuen;2017;7134;UMKM
11;Aceh;11.12;Kabupaten Aceh Barat Daya;2017;2514;UMKM
11;Aceh;11.13;Kabupaten Gayo Lues;2017;1302;UMKM
11;Aceh;11.14;Kabupaten Aceh Jaya;2017;1396;UMKM
11;Aceh;11.15;Kabupaten Nagan Raya;2017;6452;UMKM
11;Aceh;11.16;Kabupaten Aceh Tamiang;2017;3025;UMKM
11;Aceh;11.17;Kabupaten Bener Meriah;2017;2218;UMKM
11;Aceh;11.18;Kabupaten Pidie Jaya;2017;5578;UMKM
11;Aceh;11.71;Kota Banda Aceh;2017;9725;UMKM
11;Aceh;11.72;Kota Sabang;2017;2268;UMKM
11;Aceh;11.73;Kota Lhokseumawe;2017;2862;UMKM
11;Aceh;11.74;Kota Langsa;2017;4358;UMKM
11;Aceh;11.75;Kota Subulussalam;2017;1755;UMKM
11;Aceh;11.01;Kabupaten Aceh Selatan;2018;4981;UMKM
11;Aceh;11.02;Kabupaten Aceh Tenggara;2018;1687;UMKM
11;Aceh;11.03;Kabupaten Aceh Timur;2018;6368;UMKM
11;Aceh;11.04;Kabupaten Aceh Tengah;2018;2952;UMKM
11;Aceh;11.05;Kabupaten Aceh Barat;2018;2420;UMKM
11;Aceh;11.06;Kabupaten Aceh Besar;2018;4816;UMKM
11;Aceh;11.07;Kabupaten Pidie;2018;3558;UMKM
11;Aceh;11.08;Kabupaten Aceh Utara;2018;10919;UMKM
11;Aceh;11.09;Kabupaten Simeulue;2018;2139;UMKM
11;Aceh;11.10;Kabupaten Aceh Singkil;2018;1896;UMKM
11;Aceh;11.11;Kabupaten Bireuen;2018;7294;UMKM
11;Aceh;11.12;Kabupaten Aceh Barat Daya;2018;2708;UMKM
11;Aceh;11.13;Kabupaten Gayo Lues;2018;1443;UMKM
11;Aceh;11.14;Kabupaten Aceh Jaya;2018;1459;UMKM
11;Aceh;11.15;Kabupaten Nagan Raya;2018;7101;UMKM
11;Aceh;11.16;Kabupaten Aceh Tamiang;2018;3138;UMKM
11;Aceh;11.17;Kabupaten Bener Meriah;2018;3153;UMKM
11;Aceh;11.18;Kabupaten Pidie Jaya;2018;6209;UMKM
11;Aceh;11.71;Kota Banda Aceh;2018;9975;UMKM
11;Aceh;11.72;Kota Sabang;2018;2308;UMKM
11;Aceh;11.73;Kota Lhokseumawe;2018;2915;UMKM
11;Aceh;11.74;Kota Langsa;2018;4093;UMKM
11;Aceh;11.75;Kota Subulussalam;2018;1970;UMKM
11;Aceh;11.01;Kabupaten Aceh Selatan;2019;5044;UMKM
11;Aceh;11.02;Kabupaten Aceh Tenggara;2019;1711;UMKM
11;Aceh;11.03;Kabupaten Aceh Timur;2019;6449;UMKM
11;Aceh;11.04;Kabupaten Aceh Tengah;2019;3823;UMKM
11;Aceh;11.05;Kabupaten Aceh Barat;2019;2542;UMKM
11;Aceh;11.06;Kabupaten Aceh Besar;2019;5086;UMKM
11;Aceh;11.07;Kabupaten Pidie;2019;4307;UMKM
11;Aceh;11.08;Kabupaten Aceh Utara;2019;11258;UMKM
11;Aceh;11.09;Kabupaten Simeulue;2019;2444;UMKM
11;Aceh;11.10;Kabupaten Aceh Singkil;2019;2628;UMKM
11;Aceh;11.11;Kabupaten Bireuen;2019;7535;UMKM
11;Aceh;11.12;Kabupaten Aceh Barat Daya;2019;2897;UMKM
11;Aceh;11.13;Kabupaten Gayo Lues;2019;1991;UMKM
11;Aceh;11.14;Kabupaten Aceh Jaya;2019;1618;UMKM
11;Aceh;11.15;Kabupaten Nagan Raya;2019;7165;UMKM
11;Aceh;11.16;Kabupaten Aceh Tamiang;2019;3515;UMKM
11;Aceh;11.17;Kabupaten Bener Meriah;2019;3317;UMKM
11;Aceh;11.18;Kabupaten Pidie Jaya;2019;6426;UMKM
11;Aceh;11.71;Kota Banda Aceh;2019;10690;UMKM
11;Aceh;11.72;Kota Sabang;2019;2330;UMKM
11;Aceh;11.73;Kota Lhokseumawe;2019;3293;UMKM
11;Aceh;11.74;Kota Langsa;2019;4358;UMKM
11;Aceh;11.75;Kota Subulussalam;2019;2205;UMKM
