id,kode_provinsi,nama_provinsi,kode_kabupaten_kota,nama_kabupaten_kota,kode_klbi,jenis_usaha,jumlah_umkm,satuan,tahun
1,32,JAWA BARAT,3278,KOTA TASIKMALAYA,1,"PERTANIAN TANAMAN, PETERNAKAN, PERBURUAN DAN KEGIATAN YBDI",0.0,USAHA,2023
2,32,JAWA BARAT,3278,KOTA TASIKMALAYA,2,PENGELOLAAN KEHUTANAN DAN PENEBANGAN,0.0,USAHA,2023
3,32,JAWA BARAT,3278,KOTA TASIKMALAYA,3,PERIKANAN,0.0,USAHA,2023
4,32,JAWA BARAT,3278,KOTA TASIKMALAYA,5,PERTAMBANGAN BATU BARA DAN LIGNIT,0.0,USAHA,2023
5,32,JAWA BARAT,3278,KOTA TASIKMALAYA,6,PERTAMBANGAN MINYAK BUMI DAN GAS ALAM DAN PANAS BUMI,0.0,USAHA,2023
6,32,JAWA BARAT,3278,KOTA TASIKMALAYA,7,PERTAMBANGAN BIJIH LOGAM,0.0,USAHA,2023
7,32,JAWA BARAT,3278,KOTA TASIKMALAYA,8,PERTAMBANGAN DAN PENGGALIAN LAINNYA,0.0,USAHA,2023
8,32,JAWA BARAT,3278,KOTA TASIKMALAYA,9,AKTIVITAS JASA PENUNJANG PERTAMBANGAN,0.0,USAHA,2023
9,32,JAWA BARAT,3278,KOTA TASIKMALAYA,10,INDUSTRI MAKANAN,7659.0,USAHA,2023
10,32,JAWA BARAT,3278,KOTA TASIKMALAYA,11,INDUSTRI MINUMAN,546.0,USAHA,2023
11,32,JAWA BARAT,3278,KOTA TASIKMALAYA,12,INDUSTRI PENGOLAHAN TEMBAKAU,1.0,USAHA,2023
12,32,JAWA BARAT,3278,KOTA TASIKMALAYA,13,INDUSTRI TEKSTIL,41.0,USAHA,2023
13,32,JAWA BARAT,3278,KOTA TASIKMALAYA,14,INDUSTRI PAKAIAN JADI,872.0,USAHA,2023
14,32,JAWA BARAT,3278,KOTA TASIKMALAYA,15,INDUSTRI KULIT DAN BARANG DARI KULIT,84.0,USAHA,2023
15,32,JAWA BARAT,3278,KOTA TASIKMALAYA,16,"INDUSTRI KAYU, BARANG DARI KAYU DAN GABUS",519.0,USAHA,2023
16,32,JAWA BARAT,3278,KOTA TASIKMALAYA,17,INDUSTRI KERTAS DAN BARANG DARI KERTAS,4.0,USAHA,2023
17,32,JAWA BARAT,3278,KOTA TASIKMALAYA,18,INDUSTRI PENCETAKAN DAN REPRODUKSI MEDIA REKAMAN,57.0,USAHA,2023
18,32,JAWA BARAT,3278,KOTA TASIKMALAYA,19,INDUSTRI PRODUK DARI BATU BARA DAN PENGILANGAN MINYAK BUMI,0.0,USAHA,2023
19,32,JAWA BARAT,3278,KOTA TASIKMALAYA,20,INDUSTRI BAHAN KIMIA DAN BARANG KIMIA LAINNYA,35.0,USAHA,2023
20,32,JAWA BARAT,3278,KOTA TASIKMALAYA,21,INDUSTRI FARMASI DAN OBAT TRADISIONAL,21.0,USAHA,2023
21,32,JAWA BARAT,3278,KOTA TASIKMALAYA,22,"INDUSTRI KARET, BARANG DARI KARET DAN PLASTIK",12.0,USAHA,2023
22,32,JAWA BARAT,3278,KOTA TASIKMALAYA,23,INDUSTRI BARANG GALIAN BUKAN LOGAM,23.0,USAHA,2023
23,32,JAWA BARAT,3278,KOTA TASIKMALAYA,24,INDUSTRI LOGAM DASAR,2.0,USAHA,2023
24,32,JAWA BARAT,3278,KOTA TASIKMALAYA,25,"INDUSTRI BARANG LOGAM, BUKAN MESIN DAN PERALATANNYA",24.0,USAHA,2023
25,32,JAWA BARAT,3278,KOTA TASIKMALAYA,26,"INDUSTRI KOMPUTER, BARANG ELEKTRONIK DAN OPTIK",11.0,USAHA,2023
26,32,JAWA BARAT,3278,KOTA TASIKMALAYA,27,INDUSTRI PERALATAN LISTRIK,1.0,USAHA,2023
27,32,JAWA BARAT,3278,KOTA TASIKMALAYA,28,INDUSTRI MESIN DAN PERLENGKAPAN,30.0,USAHA,2023
28,32,JAWA BARAT,3278,KOTA TASIKMALAYA,29,"INDUSTRI ALAT ANGKUTAN LAINNYA (MOBIL, MOTOR, DSB)",11.0,USAHA,2023
29,32,JAWA BARAT,3278,KOTA TASIKMALAYA,30,"INDUSTRI ALAT ANGKUTAN LAINNYA (KAPAL, PESAWAT, DSB)",6.0,USAHA,2023
30,32,JAWA BARAT,3278,KOTA TASIKMALAYA,31,INDUSTRI FURNITUR,49.0,USAHA,2023
31,32,JAWA BARAT,3278,KOTA TASIKMALAYA,32,INDUSTRI PENGOLAHAN LAINNYA,60.0,USAHA,2023
32,32,JAWA BARAT,3278,KOTA TASIKMALAYA,33,REPARASI DAN PEMASANGAN MESIN DAN PERALATAN,27.0,USAHA,2023
33,32,JAWA BARAT,3278,KOTA TASIKMALAYA,35,"PENGADAAN TENAGA LISTRIK, GAS, UAP/AIR PANAS",6.0,USAHA,2023
34,32,JAWA BARAT,3278,KOTA TASIKMALAYA,36,TREATMENT AIR,0.0,USAHA,2023
35,32,JAWA BARAT,3278,KOTA TASIKMALAYA,37,TREATMENT AIR LIMBAH,0.0,USAHA,2023
36,32,JAWA BARAT,3278,KOTA TASIKMALAYA,38,"PENGUMPULAN, PENGOLAHAN, DAN DAUR ULANG SAMPAH",15.0,USAHA,2023
37,32,JAWA BARAT,3278,KOTA TASIKMALAYA,39,AKTIVITAS REMEDIASI DAN PENGELOLAAN LIMBAH DAN SAMPAH LAINNYA,0.0,USAHA,2023
38,32,JAWA BARAT,3278,KOTA TASIKMALAYA,41,KONSTRUKSI GEDUNG,0.0,USAHA,2023
39,32,JAWA BARAT,3278,KOTA TASIKMALAYA,42,KONSTRUKSI BANGUNAN SIPIL,0.0,USAHA,2023
40,32,JAWA BARAT,3278,KOTA TASIKMALAYA,43,KONSTUKSI KHUSUS,0.0,USAHA,2023
41,32,JAWA BARAT,3278,KOTA TASIKMALAYA,45,PERDAGANGAN BESAR DAN ECERAN KENDARAAN BERMOTOR,346.0,USAHA,2023
42,32,JAWA BARAT,3278,KOTA TASIKMALAYA,46,PERDAGANGAN BESAR (BUKAN MOBIL/MOTOR),484.0,USAHA,2023
43,32,JAWA BARAT,3278,KOTA TASIKMALAYA,47,PERDAGANGAN ECERAN (BUKAN MOBIL/MOTOR),5651.0,USAHA,2023
44,32,JAWA BARAT,3278,KOTA TASIKMALAYA,49,ANGKUTAN DARAT DAN REL,0.0,USAHA,2023
45,32,JAWA BARAT,3278,KOTA TASIKMALAYA,50,ANGKUTAN PERAIRAN,0.0,USAHA,2023
46,32,JAWA BARAT,3278,KOTA TASIKMALAYA,51,ANGKUTAN UDARA,0.0,USAHA,2023
47,32,JAWA BARAT,3278,KOTA TASIKMALAYA,52,PERGUDANGAN DAN JASA PENUNJANG ANGKUTAN,33.0,USAHA,2023
48,32,JAWA BARAT,3278,KOTA TASIKMALAYA,53,AKTIVITAS POS DAN KURIR,30.0,USAHA,2023
49,32,JAWA BARAT,3278,KOTA TASIKMALAYA,55,PENYEDIAAN AKOMODASI,0.0,USAHA,2023
50,32,JAWA BARAT,3278,KOTA TASIKMALAYA,56,PENYEDIAAN MAKANAN DAN MINUMAN,0.0,USAHA,2023
51,32,JAWA BARAT,3278,KOTA TASIKMALAYA,58,AKTIVITAS PENERBITAN,15.0,USAHA,2023
52,32,JAWA BARAT,3278,KOTA TASIKMALAYA,59,"AKTIVITAS PRODUKSI GAMBAR BERGERAK, VIDEO DAN PROGRAM TELEVISI, PEREKAMAN SUARA DAN PENERBITAN MUSIK",0.0,USAHA,2023
53,32,JAWA BARAT,3278,KOTA TASIKMALAYA,60,AKTIVITAS PENYIARAN DAN PEMROGRAMAN,2.0,USAHA,2023
54,32,JAWA BARAT,3278,KOTA TASIKMALAYA,61,TELEKOMUNIKASI,133.0,USAHA,2023
55,32,JAWA BARAT,3278,KOTA TASIKMALAYA,62,AKTIVITAS PEMROGRAMAN DAN KONSULTASI KOMPUTER,58.0,USAHA,2023
56,32,JAWA BARAT,3278,KOTA TASIKMALAYA,63,AKTIVITAS LAYANAN INFORMASI LAINNYA,55.0,USAHA,2023
57,32,JAWA BARAT,3278,KOTA TASIKMALAYA,64,"AKTIVITAS JASA KEUANGAN, BUKAN ASURANSI DAN DANA PENSIUN",0.0,USAHA,2023
58,32,JAWA BARAT,3278,KOTA TASIKMALAYA,65,"ASURANSI, PENJAMINAN, REASURANSI DAN DANA PENSIUN, BUKAN JAMINAN SOSIAL WAJIB",0.0,USAHA,2023
59,32,JAWA BARAT,3278,KOTA TASIKMALAYA,66,AKTIVITAS PENUNJANG JASA KEUANGAN DAN ASURANSI,66.0,USAHA,2023
60,32,JAWA BARAT,3278,KOTA TASIKMALAYA,68,REAL ESTAT,11.0,USAHA,2023
61,32,JAWA BARAT,3278,KOTA TASIKMALAYA,70,AKTIVITAS KANTOR PUSAT DAN KONSULTASI MANAJEMEN,2.0,USAHA,2023
62,32,JAWA BARAT,3278,KOTA TASIKMALAYA,71,JASA ARSITEKTUR DAN TEKNIK SIPIL,6.0,USAHA,2023
63,32,JAWA BARAT,3278,KOTA TASIKMALAYA,72,PENELITIAN DAN PENGEMBANGAN ILMU PENGETAHUAN,0.0,USAHA,2023
64,32,JAWA BARAT,3278,KOTA TASIKMALAYA,73,PERIKLANAN DAN RISET PASAR,20.0,USAHA,2023
65,32,JAWA BARAT,3278,KOTA TASIKMALAYA,74,AKTIVITAS PROFESIONAL LAINNYA,27.0,USAHA,2023
66,32,JAWA BARAT,3278,KOTA TASIKMALAYA,75,AKTIVITAS KESEHATAN HEWAN,0.0,USAHA,2023
67,32,JAWA BARAT,3278,KOTA TASIKMALAYA,77,PENYEWAAN DAN SEWA GUNA USAHA TANPA HAK OPSI,65.0,USAHA,2023
68,32,JAWA BARAT,3278,KOTA TASIKMALAYA,78,AKTIVITAS KETENAGAKERJAAN,0.0,USAHA,2023
69,32,JAWA BARAT,3278,KOTA TASIKMALAYA,79,AGEN PERJALANAN DAN PENUNJANG WISATA LAINNYA,0.0,USAHA,2023
70,32,JAWA BARAT,3278,KOTA TASIKMALAYA,80,AKTIVITAS KEAMANAN DAN PENYELIDIKAN,0.0,USAHA,2023
71,32,JAWA BARAT,3278,KOTA TASIKMALAYA,81,JASA KEBERSIHAN DAN PERTAMANAN,16.0,USAHA,2023
72,32,JAWA BARAT,3278,KOTA TASIKMALAYA,82,AKTIVITAS PENYELENGGARAAN KANTOR DAN CALL CENTER,32.0,USAHA,2023
73,32,JAWA BARAT,3278,KOTA TASIKMALAYA,84,"ADMINISTRASI PEMERINTAH, PETAHANAN DAN JAMINAN SOSIAL WAJIB",0.0,USAHA,2023
74,32,JAWA BARAT,3278,KOTA TASIKMALAYA,85,PENDIDIKAN,1.0,USAHA,2023
75,32,JAWA BARAT,3278,KOTA TASIKMALAYA,86,AKTIVITAS KESEHATAN MANUSIA,0.0,USAHA,2023
76,32,JAWA BARAT,3278,KOTA TASIKMALAYA,87,AKTIVITAS SOSIAL DI DALAM PANTI,0.0,USAHA,2023
77,32,JAWA BARAT,3278,KOTA TASIKMALAYA,88,AKTIVITAS SOSIAL TANPA AKOMODASI,0.0,USAHA,2023
78,32,JAWA BARAT,3278,KOTA TASIKMALAYA,90,"AKTIVITAS KESENIAN, HIBURAN, DAN KREATIVITAS",0.0,USAHA,2023
79,32,JAWA BARAT,3278,KOTA TASIKMALAYA,91,"PERPUSTAKAAN, ARSIP, MUSEUM, DAN KEGIATAN KEBUDAYAAN LAINNYA",0.0,USAHA,2023
80,32,JAWA BARAT,3278,KOTA TASIKMALAYA,93,"AKTIVITAS OLAHRAGA, HIBURAN, DAN REKREASI",0.0,USAHA,2023
81,32,JAWA BARAT,3278,KOTA TASIKMALAYA,94,AKTIVITAS KEANGGOTAAN ORGANISASI,0.0,USAHA,2023
82,32,JAWA BARAT,3278,KOTA TASIKMALAYA,95,PERBAIKAN KOMPUTER DAN BARANG PRIBADI,76.0,USAHA,2023
83,32,JAWA BARAT,3278,KOTA TASIKMALAYA,96,AKTIVITAS JASA LAINNYA,303.0,USAHA,2023
84,32,JAWA BARAT,3278,KOTA TASIKMALAYA,97,AKTIVITAS RUMAH TANGGA SEBAGAI PEMBERI KERJA,,USAHA,2023
85,32,JAWA BARAT,3278,KOTA TASIKMALAYA,98,AKTIVITAS YANG MENGHASILKAN BARANG DAN JASA OLEH RUMAH TANGGA YANG DIGUNAKAN UNTUK MEMENUHI KEBUTUHAN SENDIRI,24.0,USAHA,2023
86,32,JAWA BARAT,3278,KOTA TASIKMALAYA,99,AKTIVITAS BADAN INTERNASIONAL DAN BADAN EKSTRA INTERNASIONAL LAINNYA,0.0,USAHA,2023
87,32,JAWA BARAT,3278,KOTA TASIKMALAYA,1,"PERTANIAN TANAMAN, PETERNAKAN, PERBURUAN DAN KEGIATAN YBDI",0.0,USAHA,2024
88,32,JAWA BARAT,3278,KOTA TASIKMALAYA,2,PENGELOLAAN KEHUTANAN DAN PENEBANGAN,0.0,USAHA,2024
89,32,JAWA BARAT,3278,KOTA TASIKMALAYA,3,PERIKANAN,0.0,USAHA,2024
90,32,JAWA BARAT,3278,KOTA TASIKMALAYA,5,PERTAMBANGAN BATU BARA DAN LIGNIT,0.0,USAHA,2024
91,32,JAWA BARAT,3278,KOTA TASIKMALAYA,6,PERTAMBANGAN MINYAK BUMI DAN GAS ALAM DAN PANAS BUMI,0.0,USAHA,2024
92,32,JAWA BARAT,3278,KOTA TASIKMALAYA,7,PERTAMBANGAN BIJIH LOGAM,0.0,USAHA,2024
93,32,JAWA BARAT,3278,KOTA TASIKMALAYA,8,PERTAMBANGAN DAN PENGGALIAN LAINNYA,0.0,USAHA,2024
94,32,JAWA BARAT,3278,KOTA TASIKMALAYA,9,AKTIVITAS JASA PENUNJANG PERTAMBANGAN,0.0,USAHA,2024
95,32,JAWA BARAT,3278,KOTA TASIKMALAYA,10,INDUSTRI MAKANAN,6.721,USAHA,2024
96,32,JAWA BARAT,3278,KOTA TASIKMALAYA,11,INDUSTRI MINUMAN,335.0,USAHA,2024
97,32,JAWA BARAT,3278,KOTA TASIKMALAYA,12,INDUSTRI PENGOLAHAN TEMBAKAU,2.0,USAHA,2024
98,32,JAWA BARAT,3278,KOTA TASIKMALAYA,13,INDUSTRI TEKSTIL,32.0,USAHA,2024
99,32,JAWA BARAT,3278,KOTA TASIKMALAYA,14,INDUSTRI PAKAIAN JADI,568.0,USAHA,2024
100,32,JAWA BARAT,3278,KOTA TASIKMALAYA,15,INDUSTRI KULIT DAN BARANG DARI KULIT,34.0,USAHA,2024
101,32,JAWA BARAT,3278,KOTA TASIKMALAYA,16,"INDUSTRI KAYU, BARANG DARI KAYU DAN GABUS",296.0,USAHA,2024
102,32,JAWA BARAT,3278,KOTA TASIKMALAYA,17,INDUSTRI KERTAS DAN BARANG DARI KERTAS,0.0,USAHA,2024
103,32,JAWA BARAT,3278,KOTA TASIKMALAYA,18,INDUSTRI PENCETAKAN DAN REPRODUKSI MEDIA REKAMAN,35.0,USAHA,2024
104,32,JAWA BARAT,3278,KOTA TASIKMALAYA,19,INDUSTRI PRODUK DARI BATU BARA DAN PENGILANGAN MINYAK BUMI,0.0,USAHA,2024
105,32,JAWA BARAT,3278,KOTA TASIKMALAYA,20,INDUSTRI BAHAN KIMIA DAN BARANG KIMIA LAINNYA,33.0,USAHA,2024
106,32,JAWA BARAT,3278,KOTA TASIKMALAYA,21,INDUSTRI FARMASI DAN OBAT TRADISIONAL,10.0,USAHA,2024
107,32,JAWA BARAT,3278,KOTA TASIKMALAYA,22,"INDUSTRI KARET, BARANG DARI KARET DAN PLASTIK",147.0,USAHA,2024
108,32,JAWA BARAT,3278,KOTA TASIKMALAYA,23,INDUSTRI BARANG GALIAN BUKAN LOGAM,12.0,USAHA,2024
109,32,JAWA BARAT,3278,KOTA TASIKMALAYA,24,INDUSTRI LOGAM DASAR,1.0,USAHA,2024
110,32,JAWA BARAT,3278,KOTA TASIKMALAYA,25,"INDUSTRI BARANG LOGAM, BUKAN MESIN DAN PERALATANNYA",32.0,USAHA,2024
111,32,JAWA BARAT,3278,KOTA TASIKMALAYA,26,"INDUSTRI KOMPUTER, BARANG ELEKTRONIK DAN OPTIK",11.0,USAHA,2024
112,32,JAWA BARAT,3278,KOTA TASIKMALAYA,27,INDUSTRI PERALATAN LISTRIK,4.0,USAHA,2024
113,32,JAWA BARAT,3278,KOTA TASIKMALAYA,28,INDUSTRI MESIN DAN PERLENGKAPAN,25.0,USAHA,2024
114,32,JAWA BARAT,3278,KOTA TASIKMALAYA,29,"INDUSTRI ALAT ANGKUTAN LAINNYA (MOBIL, MOTOR, DSB)",1.0,USAHA,2024
115,32,JAWA BARAT,3278,KOTA TASIKMALAYA,30,"INDUSTRI ALAT ANGKUTAN LAINNYA (KAPAL, PESAWAT, DSB)",2.0,USAHA,2024
116,32,JAWA BARAT,3278,KOTA TASIKMALAYA,31,INDUSTRI FURNITUR,33.0,USAHA,2024
117,32,JAWA BARAT,3278,KOTA TASIKMALAYA,32,INDUSTRI PENGOLAHAN LAINNYA,11.0,USAHA,2024
118,32,JAWA BARAT,3278,KOTA TASIKMALAYA,33,REPARASI DAN PEMASANGAN MESIN DAN PERALATAN,15.0,USAHA,2024
119,32,JAWA BARAT,3278,KOTA TASIKMALAYA,35,"PENGADAAN TENAGA LISTRIK, GAS, UAP/AIR PANAS",2.0,USAHA,2024
120,32,JAWA BARAT,3278,KOTA TASIKMALAYA,36,TREATMENT AIR,0.0,USAHA,2024
121,32,JAWA BARAT,3278,KOTA TASIKMALAYA,37,TREATMENT AIR LIMBAH,0.0,USAHA,2024
122,32,JAWA BARAT,3278,KOTA TASIKMALAYA,38,"PENGUMPULAN, PENGOLAHAN, DAN DAUR ULANG SAMPAH",6.0,USAHA,2024
123,32,JAWA BARAT,3278,KOTA TASIKMALAYA,39,AKTIVITAS REMEDIASI DAN PENGELOLAAN LIMBAH DAN SAMPAH LAINNYA,0.0,USAHA,2024
124,32,JAWA BARAT,3278,KOTA TASIKMALAYA,41,KONSTRUKSI GEDUNG,0.0,USAHA,2024
125,32,JAWA BARAT,3278,KOTA TASIKMALAYA,42,KONSTRUKSI BANGUNAN SIPIL,0.0,USAHA,2024
126,32,JAWA BARAT,3278,KOTA TASIKMALAYA,43,KONSTUKSI KHUSUS,0.0,USAHA,2024
127,32,JAWA BARAT,3278,KOTA TASIKMALAYA,45,PERDAGANGAN BESAR DAN ECERAN KENDARAAN BERMOTOR,203.0,USAHA,2024
128,32,JAWA BARAT,3278,KOTA TASIKMALAYA,46,PERDAGANGAN BESAR (BUKAN MOBIL/MOTOR),611.0,USAHA,2024
129,32,JAWA BARAT,3278,KOTA TASIKMALAYA,47,PERDAGANGAN ECERAN (BUKAN MOBIL/MOTOR),15426.0,USAHA,2024
130,32,JAWA BARAT,3278,KOTA TASIKMALAYA,49,ANGKUTAN DARAT DAN REL,1.0,USAHA,2024
131,32,JAWA BARAT,3278,KOTA TASIKMALAYA,50,ANGKUTAN PERAIRAN,0.0,USAHA,2024
132,32,JAWA BARAT,3278,KOTA TASIKMALAYA,51,ANGKUTAN UDARA,0.0,USAHA,2024
133,32,JAWA BARAT,3278,KOTA TASIKMALAYA,52,PERGUDANGAN DAN JASA PENUNJANG ANGKUTAN,13.0,USAHA,2024
134,32,JAWA BARAT,3278,KOTA TASIKMALAYA,53,AKTIVITAS POS DAN KURIR,0.0,USAHA,2024
135,32,JAWA BARAT,3278,KOTA TASIKMALAYA,55,PENYEDIAAN AKOMODASI,58.0,USAHA,2024
136,32,JAWA BARAT,3278,KOTA TASIKMALAYA,56,PENYEDIAAN MAKANAN DAN MINUMAN,2689.0,USAHA,2024
137,32,JAWA BARAT,3278,KOTA TASIKMALAYA,58,AKTIVITAS PENERBITAN,17.0,USAHA,2024
138,32,JAWA BARAT,3278,KOTA TASIKMALAYA,59,"AKTIVITAS PRODUKSI GAMBAR BERGERAK, VIDEO DAN PROGRAM TELEVISI, PEREKAMAN SUARA DAN PENERBITAN MUSIK",0.0,USAHA,2024
139,32,JAWA BARAT,3278,KOTA TASIKMALAYA,60,AKTIVITAS PENYIARAN DAN PEMROGRAMAN,0.0,USAHA,2024
140,32,JAWA BARAT,3278,KOTA TASIKMALAYA,61,TELEKOMUNIKASI,68.0,USAHA,2024
141,32,JAWA BARAT,3278,KOTA TASIKMALAYA,62,AKTIVITAS PEMROGRAMAN DAN KONSULTASI KOMPUTER,39.0,USAHA,2024
142,32,JAWA BARAT,3278,KOTA TASIKMALAYA,63,AKTIVITAS LAYANAN INFORMASI LAINNYA,37.0,USAHA,2024
143,32,JAWA BARAT,3278,KOTA TASIKMALAYA,64,"AKTIVITAS JASA KEUANGAN, BUKAN ASURANSI DAN DANA PENSIUN",0.0,USAHA,2024
144,32,JAWA BARAT,3278,KOTA TASIKMALAYA,65,"ASURANSI, PENJAMINAN, REASURANSI DAN DANA PENSIUN, BUKAN JAMINAN SOSIAL WAJIB",0.0,USAHA,2024
145,32,JAWA BARAT,3278,KOTA TASIKMALAYA,66,AKTIVITAS PENUNJANG JASA KEUANGAN DAN ASURANSI,4.0,USAHA,2024
146,32,JAWA BARAT,3278,KOTA TASIKMALAYA,68,REAL ESTAT,2.0,USAHA,2024
147,32,JAWA BARAT,3278,KOTA TASIKMALAYA,70,AKTIVITAS KANTOR PUSAT DAN KONSULTASI MANAJEMEN,1.0,USAHA,2024
148,32,JAWA BARAT,3278,KOTA TASIKMALAYA,71,JASA ARSITEKTUR DAN TEKNIK SIPIL,5.0,USAHA,2024
149,32,JAWA BARAT,3278,KOTA TASIKMALAYA,72,PENELITIAN DAN PENGEMBANGAN ILMU PENGETAHUAN,0.0,USAHA,2024
150,32,JAWA BARAT,3278,KOTA TASIKMALAYA,73,PERIKLANAN DAN RISET PASAR,12.0,USAHA,2024
151,32,JAWA BARAT,3278,KOTA TASIKMALAYA,74,AKTIVITAS PROFESIONAL LAINNYA,84.0,USAHA,2024
152,32,JAWA BARAT,3278,KOTA TASIKMALAYA,75,AKTIVITAS KESEHATAN HEWAN,0.0,USAHA,2024
153,32,JAWA BARAT,3278,KOTA TASIKMALAYA,77,PENYEWAAN DAN SEWA GUNA USAHA TANPA HAK OPSI,69.0,USAHA,2024
154,32,JAWA BARAT,3278,KOTA TASIKMALAYA,78,AKTIVITAS KETENAGAKERJAAN,0.0,USAHA,2024
155,32,JAWA BARAT,3278,KOTA TASIKMALAYA,79,AGEN PERJALANAN DAN PENUNJANG WISATA LAINNYA,23.0,USAHA,2024
156,32,JAWA BARAT,3278,KOTA TASIKMALAYA,80,AKTIVITAS KEAMANAN DAN PENYELIDIKAN,0.0,USAHA,2024
157,32,JAWA BARAT,3278,KOTA TASIKMALAYA,81,JASA KEBERSIHAN DAN PERTAMANAN,12.0,USAHA,2024
158,32,JAWA BARAT,3278,KOTA TASIKMALAYA,82,AKTIVITAS PENYELENGGARAAN KANTOR DAN CALL CENTER,17.0,USAHA,2024
159,32,JAWA BARAT,3278,KOTA TASIKMALAYA,84,"ADMINISTRASI PEMERINTAH, PETAHANAN DAN JAMINAN SOSIAL WAJIB",0.0,USAHA,2024
160,32,JAWA BARAT,3278,KOTA TASIKMALAYA,85,PENDIDIKAN,0.0,USAHA,2024
161,32,JAWA BARAT,3278,KOTA TASIKMALAYA,86,AKTIVITAS KESEHATAN MANUSIA,0.0,USAHA,2024
162,32,JAWA BARAT,3278,KOTA TASIKMALAYA,87,AKTIVITAS SOSIAL DI DALAM PANTI,0.0,USAHA,2024
163,32,JAWA BARAT,3278,KOTA TASIKMALAYA,88,AKTIVITAS SOSIAL TANPA AKOMODASI,0.0,USAHA,2024
164,32,JAWA BARAT,3278,KOTA TASIKMALAYA,90,"AKTIVITAS KESENIAN, HIBURAN, DAN KREATIVITAS",11.0,USAHA,2024
165,32,JAWA BARAT,3278,KOTA TASIKMALAYA,91,"PERPUSTAKAAN, ARSIP, MUSEUM, DAN KEGIATAN KEBUDAYAAN LAINNYA",0.0,USAHA,2024
166,32,JAWA BARAT,3278,KOTA TASIKMALAYA,93,"AKTIVITAS OLAHRAGA, HIBURAN, DAN REKREASI",4.0,USAHA,2024
167,32,JAWA BARAT,3278,KOTA TASIKMALAYA,94,AKTIVITAS KEANGGOTAAN ORGANISASI,0.0,USAHA,2024
168,32,JAWA BARAT,3278,KOTA TASIKMALAYA,95,PERBAIKAN KOMPUTER DAN BARANG PRIBADI,108.0,USAHA,2024
169,32,JAWA BARAT,3278,KOTA TASIKMALAYA,96,AKTIVITAS JASA LAINNYA,360.0,USAHA,2024
170,32,JAWA BARAT,3278,KOTA TASIKMALAYA,97,AKTIVITAS RUMAH TANGGA SEBAGAI PEMBERI KERJA,6.0,USAHA,2024
171,32,JAWA BARAT,3278,KOTA TASIKMALAYA,98,AKTIVITAS YANG MENGHASILKAN BARANG DAN JASA OLEH RUMAH TANGGA YANG DIGUNAKAN UNTUK MEMENUHI KEBUTUHAN SENDIRI,0.0,USAHA,2024
172,32,JAWA BARAT,3278,KOTA TASIKMALAYA,99,AKTIVITAS BADAN INTERNASIONAL DAN BADAN EKSTRA INTERNASIONAL LAINNYA,0.0,USAHA,2024
